{"cameraMode":{"drawMode":0,"name":"Shaded","section":"Shading Mode"},"sceneLighting":false,"audioPlay":false,"sceneViewState":{"showFog":true,"showMaterialUpdate":false,"showSkybox":false,"showFlares":true,"showImageEffects":true,"showParticleSystems":true},"in2DMode":false,"pivot":{"x":-0.2950000762939453,"y":1.6924998760223389,"z":0.8999999165534973},"rotation":{"x":-0.02308458462357521,"y":0.9719410538673401,"z":-0.20766997337341309,"w":-0.10803917050361633},"size":3.660550594329834,"orthographic":false}